type,id,attributes_distance,attributes_isadoptionpending,attributes_agegroup,attributes_isbirthdateexact,attributes_breedstring,attributes_breedprimary,attributes_breedprimaryid,attributes_iscatsok,attributes_coatlength,attributes_iscourtesylisting,attributes_iscurrentvaccinations,attributes_isdeclawed,attributes_descriptionhtml,attributes_descriptiontext,attributes_isneedingfoster,attributes_isfound,attributes_priority,attributes_ishousetrained,attributes_iskidsok,attributes_name,attributes_picturecount,attributes_picturethumbnailurl,attributes_rescueid,attributes_searchstring,attributes_sex,attributes_sizegroup,attributes_slug,attributes_isspecialneeds,attributes_issponsorable,attributes_trackerimageurl,attributes_videocount,attributes_videourlcount,attributes_createddate,attributes_updateddate,relationships_breeds_data,relationships_colors_data,relationships_patterns_data,relationships_species_data,relationships_statuses_data,relationships_fosters_data,relationships_locations_data,relationships_orgs_data,relationships_pictures_data,attributes_activitylevel,attributes_agestring,attributes_birthdate,attributes_isbreedmixed,attributes_groomingneeds,attributes_indooroutdoor,attributes_newpeoplereaction,attributes_sheddinglevel,attributes_sizeuom,attributes_colordetails,relationships_videos_data,relationships_videourls_data,attributes_breedsecondary,attributes_breedsecondaryid,attributes_adopteddate,attributes_adoptionfeestring,attributes_sponsorshipminimum,attributes_url,attributes_summary,attributes_isdogsok,attributes_sizecurrent,attributes_founddate,attributes_foundpostalcode,attributes_adultsexesok,attributes_energylevel,attributes_exerciseneeds,attributes_qualities,attributes_vocallevel
animals,10211761,23.59,False,Senior,False,Bombay (medium coat),Bombay,11,True,Medium,True,True,False,"<p>Little One&nbsp;is on the smaller side but full figured and is very gentle. She is about 11 years old. Little One would be a great companion cat for a senior and is a little shy but really likes to be around people. She knows her name and is good with other cats.&nbsp; Call or text Ed for more info 562-716-9878</p><img src=""https://tracker.rescuegroups.org/pet?10211761"" width=""0"" height=""0"" alt="""" />",Little One&nbsp;is on the smaller side but full figured and is very gentle. She is about 11 years old. Little One would be a great companion cat for a senior and is a little shy but really likes to be around people. She knows her name and is good with other cats.&nbsp; Call or text Ed for more info 562-716-9878,False,False,10,True,True,Little One,3,https://cdn.rescuegroups.org/1868/pictures/animals/10211/10211761/36092799.jpg?width=100,Ed's Little One,Little One   Black Female Small Ed's Little One  Cats Bombay (medium coat)s,Female,Small,adopt-little-one-bombay-cat,False,False,https://tracker.rescuegroups.org/pet?10211761,0,0,2016-06-28T23:20:20Z,2025-12-27T07:41:53Z,"[{'type': 'breeds', 'id': '11'}]","[{'type': 'colors', 'id': '1'}]","[{'type': 'patterns', 'id': '11'}]","[{'type': 'species', 'id': '3'}]","[{'type': 'statuses', 'id': '1'}]","[{'type': 'fosters', 'id': '2206791'}]","[{'type': 'locations', 'id': '2971'}]","[{'type': 'orgs', 'id': '1868'}]","[{'type': 'pictures', 'id': '36092797'}, {'type': 'pictures', 'id': '36092798'}, {'type': 'pictures', 'id': '36092799'}]",,,,,,,,,,,,,,,,,,,,,,,,,,,,
animals,11046170,30.75,False,Adult,False,Domestic Short Hair / Mixed (short coat),Domestic Short Hair,35,True,Short,False,,False,"<p>
<span style=""color: rgb(51, 51, 51); font-family: Roboto; font-size: 15px; background-color: rgb(255, 255, 255);"">Hi, I&rsquo;m Beamer. Four other kittens and I were rescued by Animal Control and luckily came to the SBACC, where we were safe, warm, and well-fed while waiting for our forever homes. I was the smallest of the group and was more scared and shy. I&rsquo;ve been at the shelter for several years now, and I have a lot of fun zooming around the room, playing, and spending time with my roommates.&nbsp; I am still nervous around people, and I don&rsquo;t allow pets or being picked up, but I LOVE other cats. I would need a patient family willing to let me be me, and not expect me to become a people-friendly cat. I would definitely have to have another feline in my home.&nbsp; My best friends at SBACC are Osaka, Oshkosh, Abbie, and Angelique.&nbsp; We&rsquo;re all shy and hang out together, and I would love to go home with one of them.&nbsp; I&rsquo;m with Abbie and Oshkosh in one of the pics.</span>
</p><img src=""https://tracker.rescuegroups.org/pet?11046170"" width=""0"" height=""0"" alt="""" />","
Hi, I&rsquo;m Beamer. Four other kittens and I were rescued by Animal Control and luckily came to the SBACC, where we were safe, warm, and well-fed while waiting for our forever homes. I was the smallest of the group and was more scared and shy. I&rsquo;ve been at the shelter for several years now, and I have a lot of fun zooming around the room, playing, and spending time with my roommates.&nbsp; I am still nervous around people, and I don&rsquo;t allow pets or being picked up, but I LOVE other cats. I would need a patient family willing to let me be me, and not expect me to become a people-friendly cat. I would definitely have to have another feline in my home.&nbsp; My best friends at SBACC are Osaka, Oshkosh, Abbie, and Angelique.&nbsp; We&rsquo;re all shy and hang out together, and I would love to go home with one of them.&nbsp; I&rsquo;m with Abbie and Oshkosh in one of the pics.
",,False,10,True,,Beamer,6,https://cdn.rescuegroups.org/5166/pictures/animals/11046/11046170/101839129.jpg?width=100,,Beamer   Fawn (Mostly) Male Medium   Cats Domestic Short Hair / Mixed (short coat)s,Male,Medium,adopt-beamer-domestic-short-hair-cat,False,False,https://tracker.rescuegroups.org/pet?11046170,0,0,2017-02-02T19:30:54Z,2025-09-22T01:47:13Z,"[{'type': 'breeds', 'id': '35'}]","[{'type': 'colors', 'id': '66'}]","[{'type': 'patterns', 'id': '8'}]","[{'type': 'species', 'id': '3'}]","[{'type': 'statuses', 'id': '1'}]",,"[{'type': 'locations', 'id': '1000005166'}]","[{'type': 'orgs', 'id': '5166'}]","[{'type': 'pictures', 'id': '101839130'}, {'type': 'pictures', 'id': '54608194'}, {'type': 'pictures', 'id': '95037794'}, {'type': 'pictures', 'id': '101839128'}, {'type': 'pictures', 'id': '95037797'}, {'type': 'pictures', 'id': '101839129'}]",Moderately Active,8 Years 11 Months,2016-10-12T00:00:00Z,True,Moderate,Indoor Only,Cautious,Moderate,Pounds,,,,,,,,,,,,,,,,,,,
animals,12652580,30.75,False,Adult,False,Domestic Short Hair / Mixed (short coat),Domestic Short Hair,35,True,Short,False,,False,"<p>
<span style=""color: rgb(51, 51, 51); font-family: Roboto; font-size: 15px; background-color: rgb(255, 255, 255);"">Hi, I&rsquo;m Twinkle.&nbsp; I was rescued from the Garden Center at the Seal Beach Target along with my kittens, who were just three days old.&nbsp; It was just a couple of weeks before Christmas of 2016, and there were no foster homes for us, but I got to raise my kittens in the comfort and safety of our very own room at SBACC.&nbsp; When my kittens learned to eat on their own, they went to a foster home until they were big enough and ready for their forever homes. They were all adopted. I&rsquo;m still very shy with people, and I don&rsquo;t welcome pets or being picked up.&nbsp; I do love other cats, and Val and I, another shy cat, and I have become best friends.&nbsp; &nbsp;My dream is to find a forever home with Val with a family who understands shy cats and would give us lots of time to adjust and get comfortable.&nbsp; That&rsquo;s Val with me in one of the pics.</span>
</p><img src=""https://tracker.rescuegroups.org/pet?12652580"" width=""0"" height=""0"" alt="""" />","
Hi, I&rsquo;m Twinkle.&nbsp; I was rescued from the Garden Center at the Seal Beach Target along with my kittens, who were just three days old.&nbsp; It was just a couple of weeks before Christmas of 2016, and there were no foster homes for us, but I got to raise my kittens in the comfort and safety of our very own room at SBACC.&nbsp; When my kittens learned to eat on their own, they went to a foster home until they were big enough and ready for their forever homes. They were all adopted. I&rsquo;m still very shy with people, and I don&rsquo;t welcome pets or being picked up.&nbsp; I do love other cats, and Val and I, another shy cat, and I have become best friends.&nbsp; &nbsp;My dream is to find a forever home with Val with a family who understands shy cats and would give us lots of time to adjust and get comfortable.&nbsp; That&rsquo;s Val with me in one of the pics.
",,False,10,True,,Twinkle,5,https://cdn.rescuegroups.org/5166/pictures/animals/12652/12652580/101837538.jpg?width=100,,Twinkle  Brown Tabby & White Brown Tabby Female Medium  Brown Tabby & White Cats Domestic Short Hair / Mixed (short coat)s,Female,Medium,adopt-twinkle-domestic-short-hair-cat,False,False,https://tracker.rescuegroups.org/pet?12652580,1,1,2018-02-10T23:59:46Z,2025-09-21T19:49:32Z,"[{'type': 'breeds', 'id': '35'}]","[{'type': 'colors', 'id': '9'}]",,"[{'type': 'species', 'id': '3'}]","[{'type': 'statuses', 'id': '1'}]",,"[{'type': 'locations', 'id': '1000005166'}]","[{'type': 'orgs', 'id': '5166'}]","[{'type': 'pictures', 'id': '71333306'}, {'type': 'pictures', 'id': '71333298'}, {'type': 'pictures', 'id': '63664193'}, {'type': 'pictures', 'id': '70287312'}, {'type': 'pictures', 'id': '101837538'}]",Moderately Active,8 Years 9 Months,2016-12-11T00:00:00Z,True,Moderate,Indoor Only,Cautious,Moderate,Pounds,Brown Tabby & White,"[{'type': 'videos', 'id': '21000365'}]","[{'type': 'videourls', 'id': '21110165'}]",,,,,,,,,,,,,,,,
animals,12934433,30.75,False,Adult,False,Domestic Short Hair / Tabby / Mixed (short coat),Domestic Short Hair,35,True,Short,False,,False,"<p>
<span style=""color: rgb(51, 51, 51); font-family: Roboto; font-size: 15px; background-color: rgb(255, 255, 255);"">Hi, I&rsquo;m Osaka. I was rescued from Leisure World along with my two lookalike brothers, Oshkosh and Oyster, when we were about four months old. Since we were older kittens and had spent more time on our own, we were pretty scared of being around people. I have come a long way, but I am still pretty shy, I don&rsquo;t welcome pets or being picked up. Our brother Oyster finally found his home, and I know if I find a family with the patience I need to get to know them and feel comfortable, I&rsquo;ll be a great addition. I&rsquo;d love to go home with Oshkosh or another kitten or cat. That&#39;s him with me in one pic.</span>
</p><img src=""https://tracker.rescuegroups.org/pet?12934433"" width=""0"" height=""0"" alt="""" />","
Hi, I&rsquo;m Osaka. I was rescued from Leisure World along with my two lookalike brothers, Oshkosh and Oyster, when we were about four months old. Since we were older kittens and had spent more time on our own, we were pretty scared of being around people. I have come a long way, but I am still pretty shy, I don&rsquo;t welcome pets or being picked up. Our brother Oyster finally found his home, and I know if I find a family with the patience I need to get to know them and feel comfortable, I&rsquo;ll be a great addition. I&rsquo;d love to go home with Oshkosh or another kitten or cat. That&#39;s him with me in one pic.
",,False,10,True,False,Osaka,6,https://cdn.rescuegroups.org/5166/pictures/animals/12934/12934433/101837342.jpg?width=100,,"Osaka  Gray Tabby Gray, Blue or Silver Tabby Male Medium  Gray Tabby Cats Domestic Short Hair / Tabby / Mixed (short coat)s",Male,Medium,adopt-osaka-domestic-short-hair-cat,False,False,https://tracker.rescuegroups.org/pet?12934433,0,0,2018-04-25T20:29:47Z,2025-09-21T19:29:03Z,"[{'type': 'breeds', 'id': '35'}, {'type': 'breeds', 'id': '63'}]","[{'type': 'colors', 'id': '13'}]","[{'type': 'patterns', 'id': '8'}]","[{'type': 'species', 'id': '3'}]","[{'type': 'statuses', 'id': '1'}]",,"[{'type': 'locations', 'id': '1000005166'}]","[{'type': 'orgs', 'id': '5166'}]","[{'type': 'pictures', 'id': '101837267'}, {'type': 'pictures', 'id': '64849338'}, {'type': 'pictures', 'id': '57935617'}, {'type': 'pictures', 'id': '64849343'}, {'type': 'pictures', 'id': '57935618'}, {'type': 'pictures', 'id': '101837342'}]",Moderately Active,7 Years 9 Months,2017-12-19T00:00:00Z,True,Moderate,Indoor Only,Cautious,,Pounds,Gray Tabby,,,Tabby,63.0,,,,,,,,,,,,,,
animals,12934451,30.75,False,Adult,False,Domestic Short Hair / Tabby / Mixed (short coat),Domestic Short Hair,35,True,Short,False,,False,"<p>Hi, I&#39;m Oshkosh.&nbsp; My two brothers and I were rescued from Leisure World when we were about four months old.&nbsp; We weren&#39;t used to being around people and were very scared.&nbsp; I started out being the shyest and did the most hiding, but I&#39;ve gotten braver around people and enjoy my kitty roommates. I still don&#39;t welcome pets or being picked up. Our brother Oyster has found his forever home, but Osaka and I are still waiting. I&#39;m hoping for a forever home with Osaka or with another cat and a family who understands shy cats and has lots of patience. We are together in one pic. I&#39;m very close with another shy cat, Abbie. We are together in a couple of pics.</p><img src=""https://tracker.rescuegroups.org/pet?12934451"" width=""0"" height=""0"" alt="""" />","Hi, I&#39;m Oshkosh.&nbsp; My two brothers and I were rescued from Leisure World when we were about four months old.&nbsp; We weren&#39;t used to being around people and were very scared.&nbsp; I started out being the shyest and did the most hiding, but I&#39;ve gotten braver around people and enjoy my kitty roommates. I still don&#39;t welcome pets or being picked up. Our brother Oyster has found his forever home, but Osaka and I are still waiting. I&#39;m hoping for a forever home with Osaka or with another cat and a family who understands shy cats and has lots of patience. We are together in one pic. I&#39;m very close with another shy cat, Abbie. We are together in a couple of pics.",,False,10,True,False,Oshkosh,6,https://cdn.rescuegroups.org/5166/pictures/animals/12934/12934451/101837334.jpg?width=100,,"Oshkosh  Gray Tabby Gray, Blue or Silver Tabby Male Medium  Gray Tabby Cats Domestic Short Hair / Tabby / Mixed (short coat)s",Male,Medium,adopt-oshkosh-domestic-short-hair-cat,False,False,https://tracker.rescuegroups.org/pet?12934451,0,0,2018-04-25T20:37:13Z,2025-09-21T19:26:23Z,"[{'type': 'breeds', 'id': '35'}, {'type': 'breeds', 'id': '63'}]","[{'type': 'colors', 'id': '13'}]","[{'type': 'patterns', 'id': '8'}]","[{'type': 'species', 'id': '3'}]","[{'type': 'statuses', 'id': '1'}]",,"[{'type': 'locations', 'id': '1000005166'}]","[{'type': 'orgs', 'id': '5166'}]","[{'type': 'pictures', 'id': '71921056'}, {'type': 'pictures', 'id': '71921054'}, {'type': 'pictures', 'id': '64849461'}, {'type': 'pictures', 'id': '101837310'}, {'type': 'pictures', 'id': '101837314'}, {'type': 'pictures', 'id': '101837334'}]",Moderately Active,7 Years 9 Months,2017-12-19T00:00:00Z,True,Moderate,Indoor Only,Cautious,,Pounds,Gray Tabby,,,Tabby,63.0,,,,,,,,,,,,,,
animals,13681640,30.75,False,Senior,False,Domestic Short Hair / Mixed (short coat),Domestic Short Hair,35,True,Short,False,,False,"<p>
<span style=""color: rgb(51, 51, 51); font-family: Roboto; font-size: 15px; background-color: rgb(255, 255, 255);"">Hi, I&rsquo;m Bart. I was named Bartleby back in 2010 when I arrived at SBACC at just six weeks old. I was adopted but sadly returned because somewhere along the way, I developed the habit of not using the litterbox consistently. I&rsquo;ve been checked out and there aren&rsquo;t any medical reasons for my behavior, it seems to have become a habit.&nbsp; I am a mellow, friendly boy, I enjoy attention and pets and I love to &ldquo;make bread&rdquo;. I&rsquo;m hoping there&rsquo;s someone who has the right setup or a way to try and work with my behavior because I love people and would really like to have a home again.</span>
</p>

<p>My adoption fee has been paid by a generous donor!</p><img src=""https://tracker.rescuegroups.org/pet?13681640"" width=""0"" height=""0"" alt="""" />","
Hi, I&rsquo;m Bart. I was named Bartleby back in 2010 when I arrived at SBACC at just six weeks old. I was adopted but sadly returned because somewhere along the way, I developed the habit of not using the litterbox consistently. I&rsquo;ve been checked out and there aren&rsquo;t any medical reasons for my behavior, it seems to have become a habit.&nbsp; I am a mellow, friendly boy, I enjoy attention and pets and I love to &ldquo;make bread&rdquo;. I&rsquo;m hoping there&rsquo;s someone who has the right setup or a way to try and work with my behavior because I love people and would really like to have a home again.


My adoption fee has been paid by a generous donor!",,False,10,,,Bart (aka Bartleby),3,https://cdn.rescuegroups.org/5166/pictures/animals/13681/13681640/61444818.jpg?width=100,,Bart (aka Bartleby)   Black and White Male Large   Cats Domestic Short Hair / Mixed (short coat)s,Male,Large,adopt-bart-aka-bartleby-domestic-short-hair-cat,False,False,https://tracker.rescuegroups.org/pet?13681640,0,0,2018-10-19T18:55:21Z,2021-08-11T15:15:09Z,"[{'type': 'breeds', 'id': '35'}]","[{'type': 'colors', 'id': '6'}]","[{'type': 'patterns', 'id': '12'}]","[{'type': 'species', 'id': '3'}]","[{'type': 'statuses', 'id': '1'}]",,"[{'type': 'locations', 'id': '1000005166'}]","[{'type': 'orgs', 'id': '5166'}]","[{'type': 'pictures', 'id': '68977843'}, {'type': 'pictures', 'id': '61486322'}, {'type': 'pictures', 'id': '61444818'}]",Moderately Active,12 Years 6 Months,2010-06-05T00:00:00Z,True,Moderate,Indoor Only,Friendly,Moderate,Pounds,,,,,,,,,,,,,,,,,,,
animals,13689832,25.82,False,Adult,False,Domestic Short Hair (short coat),Domestic Short Hair,35,True,Short,False,True,False,"<p class=""p1"" style=""margin: 0px; font-stretch: normal; font-size: 17px; line-height: normal; -webkit-text-size-adjust: auto;"">
<span class=""s1"" style=""font-family: UICTFontTextStyleBody;"">I want to introduce Luca and Jasper to you!&nbsp; These 2 sweet boys were adopted from us as kittens in 2018 and due to some health issues with their mama (who loves and adores them very much) the decision was made for the boys to come back to our rescue and find a new forever home. Sometimes this is what&rsquo;s best for all involved and we are supportive of this decision, please no negative comments on this. It was the best decision for all parties.&nbsp;</span>
</p>

<p class=""p2"" style=""margin: 0px; font-stretch: normal; font-size: 17px; line-height: normal; min-height: 22px; -webkit-text-size-adjust: auto;"">&nbsp;</p>

<p class=""p1"" style=""margin: 0px; font-stretch: normal; font-size: 17px; line-height: normal; -webkit-text-size-adjust: auto;"">
<span class=""s1"" style=""font-family: UICTFontTextStyleBody;"">I can absolutely say, both boys are very loving and sweet once they get to know you.&nbsp; The boys are 5 years old now.&nbsp;</span>
</p>

<p class=""p2"" style=""margin: 0px; font-stretch: normal; font-size: 17px; line-height: normal; min-height: 22px; -webkit-text-size-adjust: auto;"">&nbsp;</p>

<p class=""p1"" style=""margin: 0px; font-stretch: normal; font-size: 17px; line-height: normal; -webkit-text-size-adjust: auto;"">
<span class=""s1"" style=""font-family: UICTFontTextStyleBody;"">Jasper has a medical condition known as cystitis, this is a life long condition. It can flare up when he gets stressed.&nbsp; He takes a pill everyday, the cost is $4.50 every 2 months from a Walmart pharmacy prescription. And he is on a CD prescription diet to help control his condition.&nbsp; Both boys eat the same CD food and they get dry food and wet food daily.</span>
</p>

<p class=""p2"" style=""margin: 0px; font-stretch: normal; font-size: 17px; line-height: normal; min-height: 22px; -webkit-text-size-adjust: auto;"">&nbsp;</p>

<p class=""p1"" style=""margin: 0px; font-stretch: normal; font-size: 17px; line-height: normal; -webkit-text-size-adjust: auto;"">
<span class=""s1"" style=""font-family: UICTFontTextStyleBody;"">Luca has something that is pretty rare for cats, he can sometimes faint after he has thrown up.&nbsp; There is no treatment needed. He just needs to be watched and given licky cat treats to help him come back around.&nbsp;</span>
</p>

<p class=""p2"" style=""margin: 0px; font-stretch: normal; font-size: 17px; line-height: normal; min-height: 22px; -webkit-text-size-adjust: auto;"">&nbsp;</p>

<p class=""p1"" style=""margin: 0px; font-stretch: normal; font-size: 17px; line-height: normal; -webkit-text-size-adjust: auto;"">
<span class=""s1"" style=""font-family: UICTFontTextStyleBody;"">Here are the bios their mama wrote about them to help them find their new home.&nbsp;</span>
</p>

<p class=""p2"" style=""margin: 0px; font-stretch: normal; font-size: 17px; line-height: normal; min-height: 22px; -webkit-text-size-adjust: auto;"">&nbsp;</p>

<p class=""p1"" style=""margin: 0px; font-stretch: normal; font-size: 17px; line-height: normal; -webkit-text-size-adjust: auto;"">
<span class=""s1"" style=""font-family: UICTFontTextStyleBody;"">Luca is the biggest lovebug you will ever meet. Luca can be a little shy at first but once he trusts you all he wants is to snuggle with you and sit on your lap while you watch tv or read. If you happen to forget to pet him well, don&#39;t worry about it, he will gently tap you&nbsp;with a paw or his face to let you know he&#39;s there. He also enjoys laying on your chest when its time for bed, he plops right down and purrs away, he especially loves getting belly rubs like this! Luca loves to be brushed and will come running if he hears you brushing your own hair. Some of his favorite toys are springs, which he fetches, and laser toys! Luca is very agile and loves running up the cat tree and up and down his cat wall and down the hallways. He also very much loves snuggling with his brother Jasper and you can occasionally find him walking around squeaking looking for Jasper to play! Luca is the best friend you could ever ask for!&nbsp;</span>
</p>

<p class=""p2"" style=""margin: 0px; font-stretch: normal; font-size: 17px; line-height: normal; min-height: 22px; -webkit-text-size-adjust: auto;"">&nbsp;</p>

<p class=""p1"" style=""margin: 0px; font-stretch: normal; font-size: 17px; line-height: normal; -webkit-text-size-adjust: auto;"">
<span class=""s1"" style=""font-family: UICTFontTextStyleBody;"">Jasper is a character,&nbsp;lovingly nicknamed Lil&#39; Squeaks. If you&#39;ve ever wanted a cat you can have a conversation with then look no further! Jasper has opinions about everything and will happily tell you all about his busy day of napping when you get home from work! Jasper absolutely loves a good wand toy, and if he thinks you aren&#39;t looking he might be found playing with springs or little ball toys. Jasper loves to sleep on your pillow next to you at night, he will squeak at you for a head scratch if you happen to wake up in the night. His favorite thing is getting his face washed by his brother Luca, when this happens it looks like he is in absolute heaven! Jasper loves belly rubs and will often grab your arm so he can lick you while you rub his tummy.&nbsp;</span>
</p>

<p class=""p2"" style=""margin: 0px; font-stretch: normal; font-size: 17px; line-height: normal; min-height: 22px; -webkit-text-size-adjust: auto;"">&nbsp;</p>

<p class=""p1"" style=""margin: 0px; font-stretch: normal; font-size: 17px; line-height: normal; -webkit-text-size-adjust: auto;"">
<span class=""s1"" style=""font-family: UICTFontTextStyleBody;"">If you are interesting in meeting this special pair of boys. Please contact us at catcoverescue@gmail.com for more information.</span>
</p><img src=""https://tracker.rescuegroups.org/pet?13689832"" width=""0"" height=""0"" alt="""" />","
I want to introduce Luca and Jasper to you!&nbsp; These 2 sweet boys were adopted from us as kittens in 2018 and due to some health issues with their mama (who loves and adores them very much) the decision was made for the boys to come back to our rescue and find a new forever home. Sometimes this is what&rsquo;s best for all involved and we are supportive of this decision, please no negative comments on this. It was the best decision for all parties.&nbsp;


&nbsp;


I can absolutely say, both boys are very loving and sweet once they get to know you.&nbsp; The boys are 5 years old now.&nbsp;


&nbsp;


Jasper has a medical condition known as cystitis, this is a life long condition. It can flare up when he gets stressed.&nbsp; He takes a pill everyday, the cost is $4.50 every 2 months from a Walmart pharmacy prescription. And he is on a CD prescription diet to help control his condition.&nbsp; Both boys eat the same CD food and they get dry food and wet food daily.


&nbsp;


Luca has something that is pretty rare for cats, he can sometimes faint after he has thrown up.&nbsp; There is no treatment needed. He just needs to be watched and given licky cat treats to help him come back around.&nbsp;


&nbsp;


Here are the bios their mama wrote about them to help them find their new home.&nbsp;


&nbsp;


Luca is the biggest lovebug you will ever meet. Luca can be a little shy at first but once he trusts you all he wants is to snuggle with you and sit on your lap while you watch tv or read. If you happen to forget to pet him well, don&#39;t worry about it, he will gently tap you&nbsp;with a paw or his face to let you know he&#39;s there. He also enjoys laying on your chest when its time for bed, he plops right down and purrs away, he especially loves getting belly rubs like this! Luca loves to be brushed and will come running if he hears you brushing your own hair. Some of his favorite toys are springs, which he fetches, and laser toys! Luca is very agile and loves running up the cat tree and up and down his cat wall and down the hallways. He also very much loves snuggling with his brother Jasper and you can occasionally find him walking around squeaking looking for Jasper to play! Luca is the best friend you could ever ask for!&nbsp;


&nbsp;


Jasper is a character,&nbsp;lovingly nicknamed Lil&#39; Squeaks. If you&#39;ve ever wanted a cat you can have a conversation with then look no further! Jasper has opinions about everything and will happily tell you all about his busy day of napping when you get home from work! Jasper absolutely loves a good wand toy, and if he thinks you aren&#39;t looking he might be found playing with springs or little ball toys. Jasper loves to sleep on your pillow next to you at night, he will squeak at you for a head scratch if you happen to wake up in the night. His favorite thing is getting his face washed by his brother Luca, when this happens it looks like he is in absolute heaven! Jasper loves belly rubs and will often grab your arm so he can lick you while you rub his tummy.&nbsp;


&nbsp;


If you are interesting in meeting this special pair of boys. Please contact us at catcoverescue@gmail.com for more information.
",False,False,10,True,,Luca,5,https://cdn.rescuegroups.org/6276/pictures/animals/13689/13689832/97014416.jpg?width=100,Best Friends,Luca Sinbad Orange and white Orange and White Male  Best Friends Orange and white Cats Domestic Short Hair (short coat)s,Male,,adopt-luca-domestic-short-hair-cat,False,True,https://tracker.rescuegroups.org/pet?13689832,0,0,2018-10-22T04:08:18Z,2023-11-01T00:04:43Z,"[{'type': 'breeds', 'id': '35'}]","[{'type': 'colors', 'id': '617'}]","[{'type': 'patterns', 'id': '8'}]","[{'type': 'species', 'id': '3'}]","[{'type': 'statuses', 'id': '1'}]","[{'type': 'fosters', 'id': '3785803'}]","[{'type': 'locations', 'id': '1000006276'}]","[{'type': 'orgs', 'id': '6276'}]","[{'type': 'pictures', 'id': '97014412'}, {'type': 'pictures', 'id': '97014413'}, {'type': 'pictures', 'id': '97014414'}, {'type': 'pictures', 'id': '97014415'}, {'type': 'pictures', 'id': '97014416'}]",,7 Years 11 Months,2018-02-07T00:00:00Z,,,,,,Pounds,Orange and white,,,,,2018-04-29T00:00:00Z,107.50,10.00,https://thecatcove.rescuegroups.org/animals/detail?AnimalID=13689832,,,,,,,,,,
animals,13689869,25.82,False,Adult,False,Domestic Short Hair (short coat),Domestic Short Hair,35,True,Short,False,True,False,"<p class=""p1"" style=""margin: 0px; font-stretch: normal; font-size: 17px; line-height: normal; -webkit-text-size-adjust: auto;"">
<span class=""s1"" style=""font-family: UICTFontTextStyleBody;"">I want to introduce Luca and Jasper to you!&nbsp; These 2 sweet boys were adopted from us as kittens in 2018 and due to some health issues with their mama (who loves and adores them very much) the decision was made for the boys to come back to our rescue and find a new forever home. Sometimes this is what&rsquo;s best for all involved and we are supportive of this decision, please no negative comments on this. It was the best decision for all parties.&nbsp;</span>
</p>

<p class=""p2"" style=""margin: 0px; font-stretch: normal; font-size: 17px; line-height: normal; min-height: 22px; -webkit-text-size-adjust: auto;"">&nbsp;</p>

<p class=""p1"" style=""margin: 0px; font-stretch: normal; font-size: 17px; line-height: normal; -webkit-text-size-adjust: auto;"">
<span class=""s1"" style=""font-family: UICTFontTextStyleBody;"">I can absolutely say, both boys are very loving and sweet once they get to know you.&nbsp; The boys are 5 years old now.&nbsp;</span>
</p>

<p class=""p2"" style=""margin: 0px; font-stretch: normal; font-size: 17px; line-height: normal; min-height: 22px; -webkit-text-size-adjust: auto;"">&nbsp;</p>

<p class=""p1"" style=""margin: 0px; font-stretch: normal; font-size: 17px; line-height: normal; -webkit-text-size-adjust: auto;"">
<span class=""s1"" style=""font-family: UICTFontTextStyleBody;"">Jasper has a medical condition known as cystitis, this is a life long condition. It can flare up when he gets stressed.&nbsp; He takes a pill everyday, the cost is $4.50 every 2 months from a Walmart pharmacy prescription. And he is on a CD prescription diet to help control his condition.&nbsp; Both boys eat the same CD food and they get dry food and wet food daily.</span>
</p>

<p class=""p2"" style=""margin: 0px; font-stretch: normal; font-size: 17px; line-height: normal; min-height: 22px; -webkit-text-size-adjust: auto;"">&nbsp;</p>

<p class=""p1"" style=""margin: 0px; font-stretch: normal; font-size: 17px; line-height: normal; -webkit-text-size-adjust: auto;"">
<span class=""s1"" style=""font-family: UICTFontTextStyleBody;"">Luca has something that is pretty rare for cats, he can sometimes faint after he has thrown up.&nbsp; There is no treatment needed. He just needs to be watched and given licky cat treats to help him come back around.&nbsp;</span>
</p>

<p class=""p2"" style=""margin: 0px; font-stretch: normal; font-size: 17px; line-height: normal; min-height: 22px; -webkit-text-size-adjust: auto;"">&nbsp;</p>

<p class=""p1"" style=""margin: 0px; font-stretch: normal; font-size: 17px; line-height: normal; -webkit-text-size-adjust: auto;"">
<span class=""s1"" style=""font-family: UICTFontTextStyleBody;"">Here are the bios their mama wrote about them to help them find their new home.&nbsp;</span>
</p>

<p class=""p2"" style=""margin: 0px; font-stretch: normal; font-size: 17px; line-height: normal; min-height: 22px; -webkit-text-size-adjust: auto;"">&nbsp;</p>

<p class=""p1"" style=""margin: 0px; font-stretch: normal; font-size: 17px; line-height: normal; -webkit-text-size-adjust: auto;"">
<span class=""s1"" style=""font-family: UICTFontTextStyleBody;"">Luca is the biggest lovebug you will ever meet. Luca can be a little shy at first but once he trusts you all he wants is to snuggle with you and sit on your lap while you watch tv or read. If you happen to forget to pet him well, don&#39;t worry about it, he will gently tap you&nbsp;with a paw or his face to let you know he&#39;s there. He also enjoys laying on your chest when its time for bed, he plops right down and purrs away, he especially loves getting belly rubs like this! Luca loves to be brushed and will come running if he hears you brushing your own hair. Some of his favorite toys are springs, which he fetches, and laser toys! Luca is very agile and loves running up the cat tree and up and down his cat wall and down the hallways. He also very much loves snuggling with his brother Jasper and you can occasionally find him walking around squeaking looking for Jasper to play! Luca is the best friend you could ever ask for!&nbsp;</span>
</p>

<p class=""p2"" style=""margin: 0px; font-stretch: normal; font-size: 17px; line-height: normal; min-height: 22px; -webkit-text-size-adjust: auto;"">&nbsp;</p>

<p class=""p1"" style=""margin: 0px; font-stretch: normal; font-size: 17px; line-height: normal; -webkit-text-size-adjust: auto;"">
<span class=""s1"" style=""font-family: UICTFontTextStyleBody;"">Jasper is a character,&nbsp;lovingly nicknamed Lil&#39; Squeaks. If you&#39;ve ever wanted a cat you can have a conversation with then look no further! Jasper has opinions about everything and will happily tell you all about his busy day of napping when you get home from work! Jasper absolutely loves a good wand toy, and if he thinks you aren&#39;t looking he might be found playing with springs or little ball toys. Jasper loves to sleep on your pillow next to you at night, he will squeak at you for a head scratch if you happen to wake up in the night. His favorite thing is getting his face washed by his brother Luca, when this happens it looks like he is in absolute heaven! Jasper loves belly rubs and will often grab your arm so he can lick you while you rub his tummy.&nbsp;</span>
</p>

<p class=""p2"" style=""margin: 0px; font-stretch: normal; font-size: 17px; line-height: normal; min-height: 22px; -webkit-text-size-adjust: auto;"">&nbsp;</p>

<p class=""p1"" style=""margin: 0px; font-stretch: normal; font-size: 17px; line-height: normal; -webkit-text-size-adjust: auto;"">
<span class=""s1"" style=""font-family: UICTFontTextStyleBody;"">If you are interesting in meeting this special pair of boys. Please contact us at catcoverescue@gmail.com for more information.</span>
</p><img src=""https://tracker.rescuegroups.org/pet?13689869"" width=""0"" height=""0"" alt="""" />","
I want to introduce Luca and Jasper to you!&nbsp; These 2 sweet boys were adopted from us as kittens in 2018 and due to some health issues with their mama (who loves and adores them very much) the decision was made for the boys to come back to our rescue and find a new forever home. Sometimes this is what&rsquo;s best for all involved and we are supportive of this decision, please no negative comments on this. It was the best decision for all parties.&nbsp;


&nbsp;


I can absolutely say, both boys are very loving and sweet once they get to know you.&nbsp; The boys are 5 years old now.&nbsp;


&nbsp;


Jasper has a medical condition known as cystitis, this is a life long condition. It can flare up when he gets stressed.&nbsp; He takes a pill everyday, the cost is $4.50 every 2 months from a Walmart pharmacy prescription. And he is on a CD prescription diet to help control his condition.&nbsp; Both boys eat the same CD food and they get dry food and wet food daily.


&nbsp;


Luca has something that is pretty rare for cats, he can sometimes faint after he has thrown up.&nbsp; There is no treatment needed. He just needs to be watched and given licky cat treats to help him come back around.&nbsp;


&nbsp;


Here are the bios their mama wrote about them to help them find their new home.&nbsp;


&nbsp;


Luca is the biggest lovebug you will ever meet. Luca can be a little shy at first but once he trusts you all he wants is to snuggle with you and sit on your lap while you watch tv or read. If you happen to forget to pet him well, don&#39;t worry about it, he will gently tap you&nbsp;with a paw or his face to let you know he&#39;s there. He also enjoys laying on your chest when its time for bed, he plops right down and purrs away, he especially loves getting belly rubs like this! Luca loves to be brushed and will come running if he hears you brushing your own hair. Some of his favorite toys are springs, which he fetches, and laser toys! Luca is very agile and loves running up the cat tree and up and down his cat wall and down the hallways. He also very much loves snuggling with his brother Jasper and you can occasionally find him walking around squeaking looking for Jasper to play! Luca is the best friend you could ever ask for!&nbsp;


&nbsp;


Jasper is a character,&nbsp;lovingly nicknamed Lil&#39; Squeaks. If you&#39;ve ever wanted a cat you can have a conversation with then look no further! Jasper has opinions about everything and will happily tell you all about his busy day of napping when you get home from work! Jasper absolutely loves a good wand toy, and if he thinks you aren&#39;t looking he might be found playing with springs or little ball toys. Jasper loves to sleep on your pillow next to you at night, he will squeak at you for a head scratch if you happen to wake up in the night. His favorite thing is getting his face washed by his brother Luca, when this happens it looks like he is in absolute heaven! Jasper loves belly rubs and will often grab your arm so he can lick you while you rub his tummy.&nbsp;


&nbsp;


If you are interesting in meeting this special pair of boys. Please contact us at catcoverescue@gmail.com for more information.
",False,False,10,True,,Jasper,5,https://cdn.rescuegroups.org/6276/pictures/animals/13689/13689869/97014423.jpg?width=100,Best Friends,Jasper Walnut Black Black Male  Best Friends Black Cats Domestic Short Hair (short coat)s,Male,,adopt-jasper-domestic-short-hair-cat,True,True,https://tracker.rescuegroups.org/pet?13689869,0,0,2018-10-22T05:17:28Z,2023-11-01T00:06:44Z,"[{'type': 'breeds', 'id': '35'}]","[{'type': 'colors', 'id': '1'}]","[{'type': 'patterns', 'id': '11'}]","[{'type': 'species', 'id': '3'}]","[{'type': 'statuses', 'id': '1'}]","[{'type': 'fosters', 'id': '3785803'}]","[{'type': 'locations', 'id': '1000006276'}]","[{'type': 'orgs', 'id': '6276'}]","[{'type': 'pictures', 'id': '97014418'}, {'type': 'pictures', 'id': '97014419'}, {'type': 'pictures', 'id': '97014420'}, {'type': 'pictures', 'id': '97014421'}, {'type': 'pictures', 'id': '97014423'}]",,7 Years 10 Months,2018-02-17T00:00:00Z,,,,,,Pounds,Black,,,,,2018-04-28T00:00:00Z,107.50,10.00,https://thecatcove.rescuegroups.org/animals/detail?AnimalID=13689869,,,,,,,,,,
animals,14045303,25.82,False,Young,False,Domestic Short Hair (short coat),Domestic Short Hair,35,True,Short,False,True,False,"<p class=""p1"" style=""margin: 0px; font-stretch: normal; font-size: 17px; line-height: normal; font-family: &quot;.SF UI Text&quot;; color: rgb(69, 69, 69); -webkit-text-size-adjust: auto;"">
<span class=""s1"" style=""font-family: &quot;.SFUIText&quot;; font-size: 17pt;"">Puzzle</span>
</p>

<p class=""p2"" style=""margin: 0px; font-stretch: normal; font-size: 17px; line-height: normal; font-family: &quot;.SF UI Text&quot;; color: rgb(69, 69, 69); min-height: 20.3px; -webkit-text-size-adjust: auto;"">&nbsp;</p>

<p class=""p1"" style=""margin: 0px; font-stretch: normal; font-size: 17px; line-height: normal; font-family: &quot;.SF UI Text&quot;; color: rgb(69, 69, 69); -webkit-text-size-adjust: auto;"">
<span class=""s1"" style=""font-family: &quot;.SFUIText&quot;; font-size: 17pt;"">I know, I know. It&rsquo;s just the look I have. Puzzled. So that&rsquo;s my name Puzzle.&nbsp; But it&rsquo;s okay, because I&rsquo;m so much happier indoors with my brother, Whisp, than out there in the cold alleys. I&rsquo;ll take the name Puzzle if it means I get to eat snacks and sleep in that amazing cat hammock...Wait...Hold on...did somebody say snacks?&nbsp; I&rsquo;m sure I heard a snack bag shaking just now. Oh wait, that was me. Sorry. I get a little side tracked when someone brings up snacks. Right, ok, so about me...well, my best friend is my brother, Whisp. We go everywhere together, so we gotta go into a happy home together. We are both pretty shy, and loud noises kinda scare me still.&nbsp; I haven&rsquo;t fully been able to shake of the life I lived before the warmth of the indoors,&nbsp; but I know that when that perfect comes for me and my brother, that person with have the love and patience needed to help us adjust and feel safe. We require a hammock to help in the transition, lots of toys...especially the laser pointer. I mean it&rsquo;s mandatory. Oh, and snacks, I have a favorite actually...licky treats. We just turned 1 year old this month of April 2019, and I was so happy to get licky treats! They are like gogurts for cats! Seriously. They are the best. I enjoy a human bed on occasion and to be next to human legs because hey are warm and...I&rsquo;m hearing that snack bag again. Do you hear that? You should come over hear and have a snack with me. BYOS! See you soon!</span>
</p><img src=""https://tracker.rescuegroups.org/pet?14045303"" width=""0"" height=""0"" alt="""" />","
Puzzle


&nbsp;


I know, I know. It&rsquo;s just the look I have. Puzzled. So that&rsquo;s my name Puzzle.&nbsp; But it&rsquo;s okay, because I&rsquo;m so much happier indoors with my brother, Whisp, than out there in the cold alleys. I&rsquo;ll take the name Puzzle if it means I get to eat snacks and sleep in that amazing cat hammock...Wait...Hold on...did somebody say snacks?&nbsp; I&rsquo;m sure I heard a snack bag shaking just now. Oh wait, that was me. Sorry. I get a little side tracked when someone brings up snacks. Right, ok, so about me...well, my best friend is my brother, Whisp. We go everywhere together, so we gotta go into a happy home together. We are both pretty shy, and loud noises kinda scare me still.&nbsp; I haven&rsquo;t fully been able to shake of the life I lived before the warmth of the indoors,&nbsp; but I know that when that perfect comes for me and my brother, that person with have the love and patience needed to help us adjust and feel safe. We require a hammock to help in the transition, lots of toys...especially the laser pointer. I mean it&rsquo;s mandatory. Oh, and snacks, I have a favorite actually...licky treats. We just turned 1 year old this month of April 2019, and I was so happy to get licky treats! They are like gogurts for cats! Seriously. They are the best. I enjoy a human bed on occasion and to be next to human legs because hey are warm and...I&rsquo;m hearing that snack bag again. Do you hear that? You should come over hear and have a snack with me. BYOS! See you soon!
",False,False,10,True,,Puzzle,11,https://cdn.rescuegroups.org/6276/pictures/animals/14045/14045303/64023380.jpg?width=100,Petsmart - Long Beach,Puzzle  Tabby and white Brown Tabby Female Medium Petsmart - Long Beach Tabby and white Cats Domestic Short Hair (short coat)s,Female,Medium,adopt-puzzle-domestic-short-hair-cat,False,True,https://tracker.rescuegroups.org/pet?14045303,0,0,2019-02-02T20:40:13Z,2021-09-14T04:39:22Z,"[{'type': 'breeds', 'id': '35'}]","[{'type': 'colors', 'id': '9'}]",,"[{'type': 'species', 'id': '3'}]","[{'type': 'statuses', 'id': '1'}]",,"[{'type': 'locations', 'id': '1000006276'}]","[{'type': 'orgs', 'id': '6276'}]","[{'type': 'pictures', 'id': '82037573'}, {'type': 'pictures', 'id': '80981190'}, {'type': 'pictures', 'id': '81063817'}, {'type': 'pictures', 'id': '73638899'}, {'type': 'pictures', 'id': '64023379'}, {'type': 'pictures', 'id': '73638910'}, {'type': 'pictures', 'id': '64023381'}, {'type': 'pictures', 'id': '72367332'}, {'type': 'pictures', 'id': '64025310'}, {'type': 'pictures', 'id': '64025313'}, {'type': 'pictures', 'id': '64023380'}]",,7 Years 9 Months,2018-04-11T00:00:00Z,,,,,,Pounds,Tabby and white,,,,,,,10.00,https://thecatcove.rescuegroups.org/animals/detail?AnimalID=14045303,,,,,,,,,,
animals,14045310,25.82,False,Young,False,Domestic Short Hair / Mixed (short coat),Domestic Short Hair,35,True,Short,False,True,False,"<p class=""p1"" style=""margin: 0px; font-stretch: normal; font-size: 17px; line-height: normal; font-family: &quot;.SF UI Text&quot;; color: rgb(69, 69, 69); -webkit-text-size-adjust: auto;"">
<span class=""s1"" style=""font-family: &quot;.SFUIText&quot;; font-size: 17pt;"">Whisp</span>
</p>

<p class=""p2"" style=""margin: 0px; font-stretch: normal; font-size: 17px; line-height: normal; font-family: &quot;.SF UI Text&quot;; color: rgb(69, 69, 69); min-height: 20.3px; -webkit-text-size-adjust: auto;"">&nbsp;</p>

<p class=""p1"" style=""margin: 0px; font-stretch: normal; font-size: 17px; line-height: normal; font-family: &quot;.SF UI Text&quot;; color: rgb(69, 69, 69); -webkit-text-size-adjust: auto;"">
<span class=""s1"" style=""font-family: &quot;.SFUIText&quot;; font-size: 17pt;"">I&rsquo;m sleek, lean, and handsome. I&rsquo;ve got this beautiful undercoat of white beneath my black exterior which makes me not just your average tuxedo kitty. Whisps of inconspicuous white swirls within the black of me...hmmmm I thunk I just figured out why they call me Whisp! That&rsquo;s Cool. So, I am on the shier end of the spectrum, but I&rsquo;m a ham for belly rubs especially if you catch me while I&rsquo;m napping. My sister Puzzle is my bestie, so we come as a pair. We grew up on the rough streets of Long Beach alleys until our foster mom caught us and loved us enough for us to believe humans can be kind. We were pretty scared out there, so it takes us a while to adjust to new surroundings. We will do best in a home without kids or dogs or other cats mainly because we want all of your attention, and we will be more able to come out and shine if it&rsquo;s just the two of us taking over your bed. Now days where spend most of our time together in our special hammock we got as a present. We LOVE THAT THING! We also love the laser pointer, my sister is a laser pointer hog, but the thing is so elusive that she can&rsquo;t catch it either! We just had our first birthday, we were so excited to get birthday snacks ( snacks are my absolute favorite thing ever.) Hard to believe I was born in April of 2018 and it&rsquo;s already 2019. Time sure does fly. I can&rsquo;t wait for time to go by in a loving forever home with my sister...that sounds like a dream come true&nbsp;</span>
<span class=""s2"" style=""font-family: &quot;.AppleColorEmojiUI&quot;; font-size: 17pt;"">❤️</span>
<span class=""s1"" style=""font-family: &quot;.SFUIText&quot;; font-size: 17pt;"">. I wonder who will come to love us...could it be you?</span>
</p><img src=""https://tracker.rescuegroups.org/pet?14045310"" width=""0"" height=""0"" alt="""" />","
Whisp


&nbsp;


I&rsquo;m sleek, lean, and handsome. I&rsquo;ve got this beautiful undercoat of white beneath my black exterior which makes me not just your average tuxedo kitty. Whisps of inconspicuous white swirls within the black of me...hmmmm I thunk I just figured out why they call me Whisp! That&rsquo;s Cool. So, I am on the shier end of the spectrum, but I&rsquo;m a ham for belly rubs especially if you catch me while I&rsquo;m napping. My sister Puzzle is my bestie, so we come as a pair. We grew up on the rough streets of Long Beach alleys until our foster mom caught us and loved us enough for us to believe humans can be kind. We were pretty scared out there, so it takes us a while to adjust to new surroundings. We will do best in a home without kids or dogs or other cats mainly because we want all of your attention, and we will be more able to come out and shine if it&rsquo;s just the two of us taking over your bed. Now days where spend most of our time together in our special hammock we got as a present. We LOVE THAT THING! We also love the laser pointer, my sister is a laser pointer hog, but the thing is so elusive that she can&rsquo;t catch it either! We just had our first birthday, we were so excited to get birthday snacks ( snacks are my absolute favorite thing ever.) Hard to believe I was born in April of 2018 and it&rsquo;s already 2019. Time sure does fly. I can&rsquo;t wait for time to go by in a loving forever home with my sister...that sounds like a dream come true&nbsp;
❤️
. I wonder who will come to love us...could it be you?
",False,False,10,True,,Whisp,9,https://cdn.rescuegroups.org/6276/pictures/animals/14045/14045310/64025321.jpg?width=100,Petsmart - Long Beach,Whisp   Black and White Male  Petsmart - Long Beach  Cats Domestic Short Hair / Mixed (short coat)s,Male,,adopt-whisp-domestic-short-hair-cat,False,True,https://tracker.rescuegroups.org/pet?14045310,0,0,2019-02-02T20:47:58Z,2021-09-14T04:38:46Z,"[{'type': 'breeds', 'id': '35'}]","[{'type': 'colors', 'id': '6'}]",,"[{'type': 'species', 'id': '3'}]","[{'type': 'statuses', 'id': '1'}]",,"[{'type': 'locations', 'id': '1000006276'}]","[{'type': 'orgs', 'id': '6276'}]","[{'type': 'pictures', 'id': '82037568'}, {'type': 'pictures', 'id': '82037569'}, {'type': 'pictures', 'id': '79472288'}, {'type': 'pictures', 'id': '66042453'}, {'type': 'pictures', 'id': '72367351'}, {'type': 'pictures', 'id': '64023411'}, {'type': 'pictures', 'id': '64023415'}, {'type': 'pictures', 'id': '64025318'}, {'type': 'pictures', 'id': '64025321'}]",,7 Years 9 Months,2018-04-11T00:00:00Z,True,,,,,Pounds,,,,,,,,10.00,https://thecatcove.rescuegroups.org/animals/detail?AnimalID=14045310,,,,,,,,,,
animals,14085843,30.75,False,Adult,False,Domestic Short Hair / Mixed (short coat),Domestic Short Hair,35,True,Short,False,,False,"<p>
<span style=""color: rgb(51, 51, 51); font-family: Roboto; font-size: 15px; background-color: rgb(255, 255, 255);"">Hi, I&rsquo;m Val.&nbsp; I was about four months old and all alone when I was rescued from the street.&nbsp; I was very, very scared, and after coming to SBACC, I went to a foster home so I could get used to people and other cats.&nbsp; I spent about six weeks in foster care and then came back to SBACC.&nbsp; I&rsquo;ve adjusted to my room and roommates at SBACC, but I still don&rsquo;t welcome pets or being picked up.&nbsp; Twinkle, another shy cat, and I have become best friends, and it would be wonderful if we could find a home together.&nbsp; It will need to be a quiet forever home and with a family who understands shy cats and will have lots of patience and give us plenty of time to adjust and feel comfortable.&nbsp; That&rsquo;s Twinkle and me in one of the pics.</span>
</p><img src=""https://tracker.rescuegroups.org/pet?14085843"" width=""0"" height=""0"" alt="""" />","
Hi, I&rsquo;m Val.&nbsp; I was about four months old and all alone when I was rescued from the street.&nbsp; I was very, very scared, and after coming to SBACC, I went to a foster home so I could get used to people and other cats.&nbsp; I spent about six weeks in foster care and then came back to SBACC.&nbsp; I&rsquo;ve adjusted to my room and roommates at SBACC, but I still don&rsquo;t welcome pets or being picked up.&nbsp; Twinkle, another shy cat, and I have become best friends, and it would be wonderful if we could find a home together.&nbsp; It will need to be a quiet forever home and with a family who understands shy cats and will have lots of patience and give us plenty of time to adjust and feel comfortable.&nbsp; That&rsquo;s Twinkle and me in one of the pics.
",,False,10,True,,Val,5,https://cdn.rescuegroups.org/5166/pictures/animals/14085/14085843/101837554.jpg?width=100,,Val   Brown Tabby Female Medium   Cats Domestic Short Hair / Mixed (short coat)s,Female,Medium,adopt-val-domestic-short-hair-cat,False,False,https://tracker.rescuegroups.org/pet?14085843,0,0,2019-02-19T15:21:24Z,2025-09-21T19:52:28Z,"[{'type': 'breeds', 'id': '35'}]","[{'type': 'colors', 'id': '9'}]","[{'type': 'patterns', 'id': '8'}]","[{'type': 'species', 'id': '3'}]","[{'type': 'statuses', 'id': '1'}]",,"[{'type': 'locations', 'id': '1000005166'}]","[{'type': 'orgs', 'id': '5166'}]","[{'type': 'pictures', 'id': '72179007'}, {'type': 'pictures', 'id': '71755191'}, {'type': 'pictures', 'id': '70871060'}, {'type': 'pictures', 'id': '64293732'}, {'type': 'pictures', 'id': '101837554'}]",Moderately Active,7 Years,2018-08-28T00:00:00Z,True,Moderate,Indoor Only,Friendly,Moderate,Pounds,,,,,,,,,,,,,,,,,,,
animals,14479075,47.64,False,,True,Domestic Short Hair,Domestic Short Hair,35,,,False,,False,"<img src=""https://tracker.rescuegroups.org/pet?14479075"" width=""0"" height=""0"" alt="""" />",,,False,10,,,Curby,0,,,Curby   Tortoiseshell Female    Cats Domestic Short Hairs,Female,,adopt-curby-domestic-short-hair-cat,False,False,https://tracker.rescuegroups.org/pet?14479075,0,0,2019-06-17T15:44:11Z,2024-08-17T05:03:34Z,"[{'type': 'breeds', 'id': '35'}]","[{'type': 'colors', 'id': '20'}]",,"[{'type': 'species', 'id': '3'}]","[{'type': 'statuses', 'id': '1'}]",,"[{'type': 'locations', 'id': '1000009158'}]","[{'type': 'orgs', 'id': '9158'}]",,,5 Years 2 Months,2019-05-20T00:00:00Z,,,,,,Pounds,,,,,,,150.00,,,2025 - Aug,,,,,,,,,
animals,14652533,30.75,False,Adult,False,Domestic Long Hair / Mixed (long coat),Domestic Long Hair,24,True,Long,False,,False,"<p>
<span style=""color: rgb(51, 51, 51); font-family: Roboto; font-size: 15px; background-color: rgb(255, 255, 255);"">Hi, I&rsquo;m Angelique. My three littermates and I were rescued from the street in Seal Beach when we were about two months old.&nbsp; We were all very scared as we hadn&rsquo;t been around people before. At first, we were considered feral, but we were sent to a foster home and calmed down quite a bit.&nbsp; My foster home had other kittens, big cats, and dogs. I loved the big cats and was fine with the kittens, but the dogs scared me. Two of our sibs were adopted by an SBACC volunteer.&nbsp; I&rsquo;m a shy girl who gets scared easily, and I don&rsquo;t welcome pets or being picked up. I&rsquo;m really quite content at the shelter with my sister Abbie and several other cats who don&rsquo;t welcome the human touch.</span>
</p><img src=""https://tracker.rescuegroups.org/pet?14652533"" width=""0"" height=""0"" alt="""" />","
Hi, I&rsquo;m Angelique. My three littermates and I were rescued from the street in Seal Beach when we were about two months old.&nbsp; We were all very scared as we hadn&rsquo;t been around people before. At first, we were considered feral, but we were sent to a foster home and calmed down quite a bit.&nbsp; My foster home had other kittens, big cats, and dogs. I loved the big cats and was fine with the kittens, but the dogs scared me. Two of our sibs were adopted by an SBACC volunteer.&nbsp; I&rsquo;m a shy girl who gets scared easily, and I don&rsquo;t welcome pets or being picked up. I&rsquo;m really quite content at the shelter with my sister Abbie and several other cats who don&rsquo;t welcome the human touch.
",,False,10,True,,Angelique,4,https://cdn.rescuegroups.org/5166/pictures/animals/14652/14652533/70926923.jpg?width=100,,Angelique   Calico or Dilute Calico Female Large   Cats Domestic Long Hair / Mixed (long coat)s,Female,Large,adopt-angelique-domestic-long-hair-cat,False,False,https://tracker.rescuegroups.org/pet?14652533,0,0,2019-07-27T13:55:49Z,2025-12-28T18:08:40Z,"[{'type': 'breeds', 'id': '24'}]","[{'type': 'colors', 'id': '10'}]","[{'type': 'patterns', 'id': '9'}]","[{'type': 'species', 'id': '3'}]","[{'type': 'statuses', 'id': '1'}]",,"[{'type': 'locations', 'id': '1000005166'}]","[{'type': 'orgs', 'id': '5166'}]","[{'type': 'pictures', 'id': '70926916'}, {'type': 'pictures', 'id': '70926927'}, {'type': 'pictures', 'id': '71152367'}, {'type': 'pictures', 'id': '70926923'}]",Moderately Active,6 Years 8 Months,2019-04-09T00:00:00Z,True,Moderate,Indoor Only,Cautious,Moderate,Pounds,,,,,,,,,,,False,,,,,,,,
animals,14652555,30.75,False,Adult,False,Domestic Short Hair / Mixed (short coat),Domestic Short Hair,35,True,Short,False,,False,"<p>
<span style=""color: rgb(51, 51, 51); font-family: Roboto; font-size: 15px; background-color: rgb(255, 255, 255);"">Hi, I&rsquo;m Abbie.&nbsp; My three littermates and I were rescued from the street in Seal Beach when we were about two months old. We were all very scared as we hadn&rsquo;t been around people before.&nbsp; At first, we were considered feral, but we were sent to a foster home and calmed down quite a bit.&nbsp; My foster home had other kittens, big cats, and dogs. I loved the big cats, was fine with the kittens, but the dogs scared me. I am a shy girl who gets scared easily. I don&rsquo;t welcome pets or being picked up.&nbsp; Two of my siblings were adopted by an SBACC volunteer.&nbsp;I&rsquo;m really quite content at the shelter with my sister Angelique and several other cats who don&rsquo;t welcome the human touch. I&rsquo;m with one of them, Oshkosh, in one pic.</span>
</p><img src=""https://tracker.rescuegroups.org/pet?14652555"" width=""0"" height=""0"" alt="""" />","
Hi, I&rsquo;m Abbie.&nbsp; My three littermates and I were rescued from the street in Seal Beach when we were about two months old. We were all very scared as we hadn&rsquo;t been around people before.&nbsp; At first, we were considered feral, but we were sent to a foster home and calmed down quite a bit.&nbsp; My foster home had other kittens, big cats, and dogs. I loved the big cats, was fine with the kittens, but the dogs scared me. I am a shy girl who gets scared easily. I don&rsquo;t welcome pets or being picked up.&nbsp; Two of my siblings were adopted by an SBACC volunteer.&nbsp;I&rsquo;m really quite content at the shelter with my sister Angelique and several other cats who don&rsquo;t welcome the human touch. I&rsquo;m with one of them, Oshkosh, in one pic.
",,False,10,True,,Abbie,4,https://cdn.rescuegroups.org/5166/pictures/animals/14652/14652555/101837198.jpg?width=100,,Abbie   Calico or Dilute Calico Female Medium   Cats Domestic Short Hair / Mixed (short coat)s,Female,Medium,adopt-abbie-domestic-short-hair-cat,False,False,https://tracker.rescuegroups.org/pet?14652555,0,0,2019-07-27T14:02:23Z,2025-12-28T18:07:57Z,"[{'type': 'breeds', 'id': '35'}]","[{'type': 'colors', 'id': '10'}]","[{'type': 'patterns', 'id': '9'}]","[{'type': 'species', 'id': '3'}]","[{'type': 'statuses', 'id': '1'}]",,"[{'type': 'locations', 'id': '1000005166'}]","[{'type': 'orgs', 'id': '5166'}]","[{'type': 'pictures', 'id': '71152322'}, {'type': 'pictures', 'id': '70871062'}, {'type': 'pictures', 'id': '70188653'}, {'type': 'pictures', 'id': '101837198'}]",Moderately Active,6 Years 8 Months,2019-04-09T00:00:00Z,True,Moderate,Indoor Only,Cautious,Moderate,Pounds,,,,,,,,,,,False,,,,,,,,
animals,15223315,4.3,False,Adult,False,Domestic Short Hair,Domestic Short Hair,35,,,False,,,,,,False,10,,,Mr Universe,0,,,Mr Universe   Brown Male    Cats Domestic Short Hairs,Male,,adopt-mr-universe-domestic-short-hair-cat,,False,,0,0,2019-12-21T22:00:53Z,2026-05-02T05:14:59Z,"[{'type': 'breeds', 'id': '35'}]","[{'type': 'colors', 'id': '7'}]","[{'type': 'patterns', 'id': '8'}]","[{'type': 'species', 'id': '3'}]","[{'type': 'statuses', 'id': '1'}]",,"[{'type': 'locations', 'id': '1000008835'}]","[{'type': 'orgs', 'id': '8835'}]",,,6 Years 6 Months,2019-10-11T00:00:00Z,,,,,,Pounds,,,,,,,,,,,,9.92080020904541,,,,,,,
animals,15323233,25.82,False,Adult,False,Domestic Short Hair / Calico (short coat),Domestic Short Hair,35,,Short,False,True,False,"<p>Gypsy loves attention from people but not so much from other animals. Gypsy would love to be a gypsy princess in her forever home with no other animals. Gypsy can be sassy and probably would not do well with young children, they don&rsquo;t understand the diva that she is. Gypsy loves to play with toys she especially loves the ball on the track that she can spin around and around. Gypsy loves a good head scratch from her people. Gypsy can&rsquo;t wait to find her forever home where she can give her new family all of her love. Gypsy needs an experienced cat owner that can speak cat!</p><img src=""https://tracker.rescuegroups.org/pet?15323233"" width=""0"" height=""0"" alt="""" />","Gypsy loves attention from people but not so much from other animals. Gypsy would love to be a gypsy princess in her forever home with no other animals. Gypsy can be sassy and probably would not do well with young children, they don&rsquo;t understand the diva that she is. Gypsy loves to play with toys she especially loves the ball on the track that she can spin around and around. Gypsy loves a good head scratch from her people. Gypsy can&rsquo;t wait to find her forever home where she can give her new family all of her love. Gypsy needs an experienced cat owner that can speak cat!",False,True,10,True,,Gypsy,5,https://cdn.rescuegroups.org/6276/pictures/animals/15323/15323233/70708818.jpg?width=100,Petsmart - Long Beach,Gypsy   Calico or Dilute Calico Female Large Petsmart - Long Beach  Cats Domestic Short Hair / Calico (short coat)s,Female,Large,adopt-gypsy-domestic-short-hair-cat,False,True,https://tracker.rescuegroups.org/pet?15323233,2,2,2020-01-21T03:13:31Z,2024-12-15T15:40:55Z,"[{'type': 'breeds', 'id': '35'}, {'type': 'breeds', 'id': '15'}]","[{'type': 'colors', 'id': '10'}]","[{'type': 'patterns', 'id': '9'}]","[{'type': 'species', 'id': '3'}]","[{'type': 'statuses', 'id': '1'}]",,"[{'type': 'locations', 'id': '1000006276'}]","[{'type': 'orgs', 'id': '6276'}]","[{'type': 'pictures', 'id': '100092327'}, {'type': 'pictures', 'id': '71005828'}, {'type': 'pictures', 'id': '71005831'}, {'type': 'pictures', 'id': '71005834'}, {'type': 'pictures', 'id': '70708818'}]",,7 Years 11 Months,2018-01-20T00:00:00Z,,,,,,Pounds,,"[{'type': 'videos', 'id': '21014727'}, {'type': 'videos', 'id': '21014728'}]","[{'type': 'videourls', 'id': '21135555'}, {'type': 'videourls', 'id': '21135556'}]",Calico,15.0,,150,10.00,https://thecatcove.rescuegroups.org/animals/detail?AnimalID=15323233,,,,2020-01-20,90808,,,,,
animals,15449467,30.75,False,Adult,False,Domestic Short Hair / Mixed (short coat),Domestic Short Hair,35,True,Short,False,,False,"<p>
<span style=""color: rgb(51, 51, 51); font-family: Roboto; font-size: 15px; background-color: rgb(255, 255, 255);"">Hi, I&rsquo;m Ben.&nbsp; I originally came to SBACC with my brother, Joe, when we were just four weeks old.&nbsp; We went to a foster home where we became friendly, active kittens. Our names were Frederick and Foxy back then. When we were adopted our names were changed to Ben and Joe and we both answer to those names now. We had a home for a year and a half but then were returned to SBACC&nbsp; because of a serious illness in one of the children in our family.&nbsp; We are both friendly and affectionate cats and were adopted together again.&nbsp; Sadly, it didn&rsquo;t work out because one of us developed the habit of sometimes peeing out of the litter box.&nbsp; Was it me or was it Joe or was it both of us, no one was sure.&nbsp; After we came back to SBACC again, it was noticed that the two of us didn&rsquo;t get along all that well, so we were put in different rooms where our habits could be observed.&nbsp; My brother was using the box consistently and he found a new home.&nbsp; I continued with my inappropriate behavior, not all of the time, but some of the time.&nbsp; I think I need to be an only cat and need a new family who will take a chance on me.&nbsp; In the right home, my inappropriate behavior might stop.&nbsp; If it doesn&rsquo;t, SBACC&nbsp; will always take me back.</span>
</p><img src=""https://tracker.rescuegroups.org/pet?15449467"" width=""0"" height=""0"" alt="""" />","
Hi, I&rsquo;m Ben.&nbsp; I originally came to SBACC with my brother, Joe, when we were just four weeks old.&nbsp; We went to a foster home where we became friendly, active kittens. Our names were Frederick and Foxy back then. When we were adopted our names were changed to Ben and Joe and we both answer to those names now. We had a home for a year and a half but then were returned to SBACC&nbsp; because of a serious illness in one of the children in our family.&nbsp; We are both friendly and affectionate cats and were adopted together again.&nbsp; Sadly, it didn&rsquo;t work out because one of us developed the habit of sometimes peeing out of the litter box.&nbsp; Was it me or was it Joe or was it both of us, no one was sure.&nbsp; After we came back to SBACC again, it was noticed that the two of us didn&rsquo;t get along all that well, so we were put in different rooms where our habits could be observed.&nbsp; My brother was using the box consistently and he found a new home.&nbsp; I continued with my inappropriate behavior, not all of the time, but some of the time.&nbsp; I think I need to be an only cat and need a new family who will take a chance on me.&nbsp; In the right home, my inappropriate behavior might stop.&nbsp; If it doesn&rsquo;t, SBACC&nbsp; will always take me back.
",,False,10,,True,Ben,4,https://cdn.rescuegroups.org/5166/pictures/animals/15449/15449467/71442664.jpg?width=100,,Ben   Gray and White Male Medium   Cats Domestic Short Hair / Mixed (short coat)s,Male,Medium,adopt-ben-domestic-short-hair-cat,False,False,https://tracker.rescuegroups.org/pet?15449467,0,0,2020-02-28T15:54:01Z,2021-08-11T15:13:38Z,"[{'type': 'breeds', 'id': '35'}]","[{'type': 'colors', 'id': '616'}]","[{'type': 'patterns', 'id': '12'}]","[{'type': 'species', 'id': '3'}]","[{'type': 'statuses', 'id': '1'}]",,"[{'type': 'locations', 'id': '1000005166'}]","[{'type': 'orgs', 'id': '5166'}]","[{'type': 'pictures', 'id': '74639539'}, {'type': 'pictures', 'id': '71442663'}, {'type': 'pictures', 'id': '71442662'}, {'type': 'pictures', 'id': '71442664'}]",Moderately Active,4 Years 7 Months,2018-05-04T00:00:00Z,True,Moderate,Indoor Only,Friendly,Moderate,Pounds,,,,,,,,,,,,,,,,,,,
animals,15494114,27.54,False,Senior,False,Tabby (medium coat),Tabby,63,True,Medium,True,True,False,"<p>Momma is 11 yrs old and would be a great companion cat for a senior or your senior cat. She is a small cat with really soft fur. Momma is very calm and gentle. For more info text or call Ed 562-716-9878.</p><img src=""https://tracker.rescuegroups.org/pet?15494114"" width=""0"" height=""0"" alt="""" />",Momma is 11 yrs old and would be a great companion cat for a senior or your senior cat. She is a small cat with really soft fur. Momma is very calm and gentle. For more info text or call Ed 562-716-9878.,False,False,10,True,True,Momma B,1,https://cdn.rescuegroups.org/1868/pictures/animals/15494/15494114/71670007.jpg?width=100,Ed's Momma B,Momma B   Orange Female Small Ed's Momma B  Cats Tabby (medium coat)s,Female,Small,adopt-momma-b-tabby-cat,False,False,https://tracker.rescuegroups.org/pet?15494114,0,0,2020-03-13T14:39:28Z,2025-04-30T02:12:57Z,"[{'type': 'breeds', 'id': '63'}]","[{'type': 'colors', 'id': '14'}]","[{'type': 'patterns', 'id': '8'}]","[{'type': 'species', 'id': '3'}]","[{'type': 'statuses', 'id': '1'}]","[{'type': 'fosters', 'id': '2206791'}]","[{'type': 'locations', 'id': '37269'}]","[{'type': 'orgs', 'id': '1868'}]","[{'type': 'pictures', 'id': '71670007'}]",,,,,,,,,Pounds,,,,,,,,,,,,,,,,,,,
animals,15918167,3.82,False,Adult,False,Domestic Short Hair / Mixed (short coat),Domestic Short Hair,35,True,Short,False,,False,,"A beautiful, big, handsome friendly boy!&nbsp; Gets along well with the other kitties.&nbsp;",,False,10,True,,Surfer,2,https://cdn.rescuegroups.org/4821/pictures/animals/15918/15918167/73744358.jpg?width=100,C200003,Surfer   Brown Tabby Male Medium C200003  Cats Domestic Short Hair / Mixed (short coat)s,Male,Medium,adopt-surfer-domestic-short-hair-cat,False,True,,0,0,2020-08-05T03:04:03Z,2020-10-26T21:19:19Z,"[{'type': 'breeds', 'id': '35'}]","[{'type': 'colors', 'id': '9'}]","[{'type': 'patterns', 'id': '8'}]","[{'type': 'species', 'id': '3'}]","[{'type': 'statuses', 'id': '1'}]",,"[{'type': 'locations', 'id': '1000004821'}]","[{'type': 'orgs', 'id': '4821'}]","[{'type': 'pictures', 'id': '73744357'}, {'type': 'pictures', 'id': '73744358'}]",Moderately Active,8 Years 9 Months,2017-07-01T00:00:00Z,True,Low,Indoor Only,Friendly,Moderate,Pounds,,,,,,,,,,,,,,,All,Moderate,Not Required,,
animals,15919449,25.82,False,Adult,False,Domestic Short Hair / Mixed (short coat),Domestic Short Hair,35,,Short,False,,False,"<p>Beautiful is a one-year-old female Tabby. She is still shy and learning to trust people but she absolutely loves to be petted and giving attention.</p><img src=""https://tracker.rescuegroups.org/pet?15919449"" width=""0"" height=""0"" alt="""" />",Beautiful is a one-year-old female Tabby. She is still shy and learning to trust people but she absolutely loves to be petted and giving attention.,False,False,10,True,,Beautiful,4,https://cdn.rescuegroups.org/6276/pictures/animals/15919/15919449/74924124.jpg?width=100,The Cat Cove - Long Beach,Beautiful  Black Tabby Brown Tabby Female Medium The Cat Cove - Long Beach Black Tabby Cats Domestic Short Hair / Mixed (short coat)s,Female,Medium,adopt-beautiful-domestic-short-hair-cat,False,True,https://tracker.rescuegroups.org/pet?15919449,0,0,2020-08-05T16:41:34Z,2020-10-25T21:33:29Z,"[{'type': 'breeds', 'id': '35'}]","[{'type': 'colors', 'id': '9'}]","[{'type': 'patterns', 'id': '8'}]","[{'type': 'species', 'id': '3'}]","[{'type': 'statuses', 'id': '1'}]",,"[{'type': 'locations', 'id': '1000006276'}]","[{'type': 'orgs', 'id': '6276'}]","[{'type': 'pictures', 'id': '73754101'}, {'type': 'pictures', 'id': '73754103'}, {'type': 'pictures', 'id': '74924123'}, {'type': 'pictures', 'id': '74924124'}]",,6 Years 5 Months,2019-08-06T00:00:00Z,True,,,,,Pounds,Black Tabby,,,,,,,10.00,https://thecatcove.rescuegroups.org/animals/detail?AnimalID=15919449,,,,,,,,,,
animals,15947052,47.64,False,,False,Domestic Short Hair,Domestic Short Hair,35,,,False,,,"<img src=""https://tracker.rescuegroups.org/pet?15947052"" width=""0"" height=""0"" alt="""" />",,,False,10,,,Venus,0,,,Venus   Black (Mostly) Female    Cats Domestic Short Hairs,Female,,adopt-venus-domestic-short-hair-cat,,False,https://tracker.rescuegroups.org/pet?15947052,0,0,2020-08-12T17:06:41Z,2024-08-17T01:13:13Z,"[{'type': 'breeds', 'id': '35'}]","[{'type': 'colors', 'id': '5'}]",,"[{'type': 'species', 'id': '3'}]","[{'type': 'statuses', 'id': '1'}]",,"[{'type': 'locations', 'id': '1000009158'}]","[{'type': 'orgs', 'id': '9158'}]",,,4 Years 1 Month,2020-06-25T00:00:00Z,,,,,,Pounds,,,,,,,150.00,,,,,,,,,,,,
animals,16157410,25.82,False,Adult,False,Domestic Short Hair (short coat),Domestic Short Hair,35,True,Short,False,True,False,"<p>Ghost was a community cat cared for by a lovely couple who could not take him in. He was found covered in tar one day, and they reached out for help - how could we say no? - and that&#39;s the day he became a Jellicle Cat. &nbsp; He is estimated to have been born January 2019</p>

<p>He&#39;s a little shy at first but will warm up once you earn his trust. He&#39;s sometimes chatty, sometimes serious. He likes other kitties well enough but may do ok on his own in the right home. Probably not a good kid cat, as he a little shy at times.</p>

<p>Ghost loves loves loves to lay on your feet while you&#39;re inert, and keep you from being productive. So if you are looking for your perfect quarantine companion, it&#39;s ghost!</p><img src=""https://tracker.rescuegroups.org/pet?16157410"" width=""0"" height=""0"" alt="""" />","Ghost was a community cat cared for by a lovely couple who could not take him in. He was found covered in tar one day, and they reached out for help - how could we say no? - and that&#39;s the day he became a Jellicle Cat. &nbsp; He is estimated to have been born January 2019

He&#39;s a little shy at first but will warm up once you earn his trust. He&#39;s sometimes chatty, sometimes serious. He likes other kitties well enough but may do ok on his own in the right home. Probably not a good kid cat, as he a little shy at times.

Ghost loves loves loves to lay on your feet while you&#39;re inert, and keep you from being productive. So if you are looking for your perfect quarantine companion, it&#39;s ghost!",False,False,10,True,,Ghost,6,https://cdn.rescuegroups.org/6276/pictures/animals/16157/16157410/76370941.jpg?width=100,Petsmart - Long Beach,Ghost Ghost2 at primary / jellicle  White (Mostly) Male Large Petsmart - Long Beach  Cats Domestic Short Hair (short coat)s,Male,Large,adopt-ghost-domestic-short-hair-cat,False,True,https://tracker.rescuegroups.org/pet?16157410,2,2,2020-10-16T21:33:42Z,2021-01-13T07:38:44Z,"[{'type': 'breeds', 'id': '35'}]","[{'type': 'colors', 'id': '22'}]","[{'type': 'patterns', 'id': '12'}]","[{'type': 'species', 'id': '3'}]","[{'type': 'statuses', 'id': '1'}]",,"[{'type': 'locations', 'id': '1000006276'}]","[{'type': 'orgs', 'id': '6276'}]","[{'type': 'pictures', 'id': '76370939'}, {'type': 'pictures', 'id': '76370937'}, {'type': 'pictures', 'id': '74924129'}, {'type': 'pictures', 'id': '76370938'}, {'type': 'pictures', 'id': '76370940'}, {'type': 'pictures', 'id': '76370941'}]",Slightly Active,7 Years,2019-01-01T00:00:00Z,,,,Cautious,,Pounds,,"[{'type': 'videos', 'id': '21024309'}, {'type': 'videos', 'id': '21026707'}]","[{'type': 'videourls', 'id': '21152087'}, {'type': 'videourls', 'id': '21155733'}]",,,,,10.00,https://thecatcove.rescuegroups.org/animals/detail?AnimalID=16157410,,,,,,All,Moderate,Low,"['affectionate', 'goofy', 'playful', 'timid']",Some
animals,16422714,16.5,False,Adult,False,Domestic Short Hair / Tabby / Mixed (short coat),Domestic Short Hair,35,True,Short,False,True,False,,"* In Foster Care * Meet &amp; Greets by appointment. * Please submit an application online and we&rsquo;ll call to schedule! *&nbsp;
Sonny is the kind of cat who quietly becomes your shadow. He&rsquo;ll follow you from room to room with soft little chirps, happy just to be near you. Settle onto the couch and he&rsquo;ll be right there beside you, purring like it&rsquo;s his full-time job.
At 10 years young, Sonny has perfected the art of companionship. He&rsquo;s mellow, affectionate, and wonderfully easy to live with. He enjoys playtime in short bursts, appreciates a cozy nap, and truly thrives on simple, steady connection.
Sonny is FIV positive, which simply means his immune system needs a little extra care. FIV+ cats can live long, happy lives indoors, and Sonny has done this beautifully. He also has kidney disease that has remained stable on a prescription diet alone. He feels great, loves his special food, and continues to enjoy each day to the fullest.
What Sonny wants most is a calm, loving home where he can be someone&rsquo;s steady companion. If you&rsquo;re looking for a loyal, gentle presence who will quietly fill your home with warmth, Sonny may be exactly who you&rsquo;ve been waiting for",False,False,10,True,True,Sonny,4,https://cdn.rescuegroups.org/3315/pictures/animals/16422/16422714/96431661.jpg?width=100,S155,Sonny   Orange and White Male Large S155  Cats Domestic Short Hair / Tabby / Mixed (short coat)s,Male,Large,adopt-sonny-domestic-short-hair-cat,True,False,,0,1,2021-01-12T18:37:41Z,2026-04-02T23:17:52Z,"[{'type': 'breeds', 'id': '35'}, {'type': 'breeds', 'id': '63'}]","[{'type': 'colors', 'id': '617'}]","[{'type': 'patterns', 'id': '12'}]","[{'type': 'species', 'id': '3'}]","[{'type': 'statuses', 'id': '1'}]",,"[{'type': 'locations', 'id': '7356'}]","[{'type': 'orgs', 'id': '3315'}]","[{'type': 'pictures', 'id': '99641052'}, {'type': 'pictures', 'id': '96431657'}, {'type': 'pictures', 'id': '96431659'}, {'type': 'pictures', 'id': '96431661'}]",,,,True,,,,,,,,"[{'type': 'videourls', 'id': '21157201'}]",Tabby,63.0,,,,,,False,,,,,,,,
animals,16594296,25.82,False,Young,False,Domestic Short Hair / Dilute Tortoiseshell / Mixed (short coat),Domestic Short Hair,35,True,Short,False,True,False,"<p>Auburn loves attention and to be in the conversation. She loves to observe the goings on. &nbsp;She is very playful yet always remembers to thank you for her meals. Auburn would need to be with another kitty in her new home &nbsp;DOB August 2020</p>

<p>Sable is shy but curious, &nbsp;loves to play and observe from a safe vantage point, she tries to imitate her more confident sister Auburn. As she gains trust she is blossoming into a great cat. Sable would need to be with her sister or another kitty in her new home</p><img src=""https://tracker.rescuegroups.org/pet?16594296"" width=""0"" height=""0"" alt="""" />","Auburn loves attention and to be in the conversation. She loves to observe the goings on. &nbsp;She is very playful yet always remembers to thank you for her meals. Auburn would need to be with another kitty in her new home &nbsp;DOB August 2020

Sable is shy but curious, &nbsp;loves to play and observe from a safe vantage point, she tries to imitate her more confident sister Auburn. As she gains trust she is blossoming into a great cat. Sable would need to be with her sister or another kitty in her new home",False,False,10,True,,Auburn,4,https://cdn.rescuegroups.org/6276/pictures/animals/16594/16594296/77200332.jpg?width=100,Petsmart - Long Beach,Auburn  Dilute tortie Tortoiseshell Female  Petsmart - Long Beach Dilute tortie Cats Domestic Short Hair / Dilute Tortoiseshell / Mixed (short coat)s,Female,,adopt-auburn-domestic-short-hair-cat,False,True,https://tracker.rescuegroups.org/pet?16594296,0,0,2021-03-03T18:41:36Z,2021-08-08T02:36:21Z,"[{'type': 'breeds', 'id': '35'}, {'type': 'breeds', 'id': '23'}]","[{'type': 'colors', 'id': '20'}]","[{'type': 'patterns', 'id': '10'}]","[{'type': 'species', 'id': '3'}]","[{'type': 'statuses', 'id': '1'}]",,"[{'type': 'locations', 'id': '1000006276'}]","[{'type': 'orgs', 'id': '6276'}]","[{'type': 'pictures', 'id': '80981297'}, {'type': 'pictures', 'id': '80981305'}, {'type': 'pictures', 'id': '78005258'}, {'type': 'pictures', 'id': '77200332'}]",,5 Years 5 Months,2020-08-05T00:00:00Z,True,,,,,Pounds,Dilute tortie,,,Dilute Tortoiseshell,23.0,,,10.00,https://thecatcove.rescuegroups.org/animals/detail?AnimalID=16594296,,,,,,,,,,
animals,16594302,25.82,False,Young,False,Domestic Short Hair / Tortoiseshell / Mixed (short coat),Domestic Short Hair,35,True,Short,False,True,False,"<p>Auburn loves attention and to be in the conversation. She loves to observe the goings on. &nbsp;She is very playful yet always remembers to thank you for her meals. Auburn would need to be with another kitty in her new home &nbsp;DOB August 2020</p>

<p>Sable is shy but curious, &nbsp;loves to play and observe from a safe vantage point, she tries to imitate her more confident sister Auburn. As she gains trust she is blossoming into a great cat. Sable would need to be with her sister or another kitty in her new home</p><img src=""https://tracker.rescuegroups.org/pet?16594302"" width=""0"" height=""0"" alt="""" />","Auburn loves attention and to be in the conversation. She loves to observe the goings on. &nbsp;She is very playful yet always remembers to thank you for her meals. Auburn would need to be with another kitty in her new home &nbsp;DOB August 2020

Sable is shy but curious, &nbsp;loves to play and observe from a safe vantage point, she tries to imitate her more confident sister Auburn. As she gains trust she is blossoming into a great cat. Sable would need to be with her sister or another kitty in her new home",False,False,10,True,,Sable,4,https://cdn.rescuegroups.org/6276/pictures/animals/16594/16594302/77200345.jpg?width=100,,Sable   Tortoiseshell Female    Cats Domestic Short Hair / Tortoiseshell / Mixed (short coat)s,Female,,adopt-sable-domestic-short-hair-cat,False,True,https://tracker.rescuegroups.org/pet?16594302,0,0,2021-03-03T18:49:37Z,2021-08-08T02:40:54Z,"[{'type': 'breeds', 'id': '35'}, {'type': 'breeds', 'id': '71'}]","[{'type': 'colors', 'id': '20'}]","[{'type': 'patterns', 'id': '10'}]","[{'type': 'species', 'id': '3'}]","[{'type': 'statuses', 'id': '1'}]",,"[{'type': 'locations', 'id': '1000006276'}]","[{'type': 'orgs', 'id': '6276'}]","[{'type': 'pictures', 'id': '80981296'}, {'type': 'pictures', 'id': '80981322'}, {'type': 'pictures', 'id': '78005262'}, {'type': 'pictures', 'id': '77200345'}]",,5 Years 5 Months,2020-08-05T00:00:00Z,True,,,,,Pounds,,,,Tortoiseshell,71.0,,,10.00,https://thecatcove.rescuegroups.org/animals/detail?AnimalID=16594302,,,,,,,,,,
